170,低楼层(共18层)3室2厅|97.05平米|南北,https://su.ke.com/ershoufang/107111169578.html
170,低楼层(共18层)3室2厅|96.18平米|南北,https://su.ke.com/ershoufang/107107122715.html
182,中楼层(共18层)3室2厅|94.49平米|南,https://su.ke.com/ershoufang/107110816168.html
185,高楼层(共18层)3室1厅|96.18平米|南,https://su.ke.com/ershoufang/107111183893.html
185,中楼层(共18层)3室2厅|96.18平米|南北,https://su.ke.com/ershoufang/107109533696.html
186,低楼层(共18层)3室2厅|96.18平米|南,https://su.ke.com/ershoufang/107110191734.html
190,低楼层(共18层)3室2厅|94.49平米|南北,https://su.ke.com/ershoufang/107111096448.html
193,高楼层(共18层)3室2厅|96.18平米|南,https://su.ke.com/ershoufang/107108008066.html
193,高楼层(共18层)3室2厅|96.18平米|南,https://su.ke.com/ershoufang/107106614564.html
195,高楼层(共18层)3室1厅|96.78平米|南北,https://su.ke.com/ershoufang/107109246843.html
200,低楼层(共18层)3室2厅|96.18平米|南,https://su.ke.com/ershoufang/107109208701.html
205,低楼层(共18层)3室2厅|97.05平米|南,https://su.ke.com/ershoufang/107110116008.html
205,中楼层(共18层)3室2厅|94.49平米|南北,https://su.ke.com/ershoufang/107107992554.html
210,低楼层(共18层)3室2厅|96.78平米|南,https://su.ke.com/ershoufang/107101527775.html
215,高楼层(共18层)3室2厅|96.18平米|南,https://su.ke.com/ershoufang/107106850396.html
220,低楼层(共18层)3室2厅|94.49平米|南,https://su.ke.com/ershoufang/107110781096.html
225,高楼层(共18层)3室2厅|97.42平米|南,https://su.ke.com/ershoufang/107103702039.html
233,中楼层(共18层)3室1厅|96.78平米|南,https://su.ke.com/ershoufang/107106764660.html
255,中楼层(共18层)3室2厅|96.18平米|南北,https://su.ke.com/ershoufang/107111094536.html
