144,低楼层(共9层)3室1厅|84.95平米|南,https://su.ke.com/ershoufang/107107651682.html
150,低楼层(共9层)3室1厅|84.95平米|南,https://su.ke.com/ershoufang/107110475168.html
163,低楼层(共9层)3室1厅|84.95平米|南,https://su.ke.com/ershoufang/107111055597.html
165,中楼层(共9层)3室2厅|84.98平米|南,https://su.ke.com/ershoufang/107108954320.html
165,高楼层(共9层)3室2厅|81.74平米|南,https://su.ke.com/ershoufang/107106920988.html
166,低楼层(共9层)3室1厅|84.95平米|南,https://su.ke.com/ershoufang/107110676358.html
168,中楼层(共9层)3室2厅|84.98平米|南北,https://su.ke.com/ershoufang/107110238335.html
168,中楼层(共9层)3室2厅|84.98平米|南北,https://su.ke.com/ershoufang/107109520794.html
168,低楼层(共9层)3室1厅|84.98平米|南北,https://su.ke.com/ershoufang/107109012042.html
168,中楼层(共9层)3室2厅|85平米|南,https://su.ke.com/ershoufang/107107423566.html
169,低楼层(共9层)3室1厅|84.98平米|南,https://su.ke.com/ershoufang/107110273218.html
170,低楼层(共9层)3室2厅|84.98平米|南,https://su.ke.com/ershoufang/107111313252.html
170,高楼层(共9层)3室2厅|81.74平米|南,https://su.ke.com/ershoufang/107110770616.html
170,低楼层(共9层)3室2厅|84.95平米|南北,https://su.ke.com/ershoufang/107106157305.html
172,低楼层(共9层)3室2厅|84.95平米|南,https://su.ke.com/ershoufang/107111070298.html
175,中楼层(共9层)3室2厅|84.95平米|南,https://su.ke.com/ershoufang/107111072238.html
175,中楼层(共9层)3室2厅|84.98平米|南,https://su.ke.com/ershoufang/107110862499.html
175,高楼层(共9层)3室2厅|81.72平米|南北,https://su.ke.com/ershoufang/107110025019.html
175,低楼层(共9层)4室1厅|94.03平米|南,https://su.ke.com/ershoufang/107111205669.html
178,低楼层(共9层)4室2厅|93.96平米|南北,https://su.ke.com/ershoufang/107109663644.html
179,中楼层(共9层)3室1厅|84.95平米|南北,https://su.ke.com/ershoufang/107109463006.html
180,低楼层(共9层)3室2厅|84.98平米|南,https://su.ke.com/ershoufang/107110786943.html
180,高楼层(共9层)3室2厅|84.69平米|南,https://su.ke.com/ershoufang/107110256190.html
182,中楼层(共9层)3室1厅|84.98平米|南,https://su.ke.com/ershoufang/107107953170.html
185,中楼层(共9层)3室2厅|84.95平米|南北,https://su.ke.com/ershoufang/107109378962.html
185,中楼层(共9层)3室2厅|84.95平米|南北,https://su.ke.com/ershoufang/107109006087.html
185,高楼层(共9层)3室2厅|84.98平米|南,https://su.ke.com/ershoufang/107108780162.html
188,中楼层(共9层)3室2厅|84.98平米|南北,https://su.ke.com/ershoufang/107109395930.html
188,高楼层(共9层)3室2厅|84.95平米|南,https://su.ke.com/ershoufang/107109330199.html
189,中楼层(共9层)4室2厅|93.96平米|南,https://su.ke.com/ershoufang/107107414569.html
190,中楼层(共9层)4室2厅|94.03平米|南,https://su.ke.com/ershoufang/107110144761.html
195,高楼层(共9层)4室2厅|90.92平米|南北,https://su.ke.com/ershoufang/107109470662.html
198,低楼层(共9层)4室2厅|94.03平米|南,https://su.ke.com/ershoufang/107110564686.html
198,高楼层(共9层)4室2厅|93.96平米|南,https://su.ke.com/ershoufang/107108992727.html
199,高楼层(共9层)4室2厅|94.03平米|南北,https://su.ke.com/ershoufang/107111310841.html
200,中楼层(共9层)1室2厅|94.03平米|南,https://su.ke.com/ershoufang/107111000900.html
201,中楼层(共9层)3室2厅|84.98平米|南北,https://su.ke.com/ershoufang/107107159233.html
205,低楼层(共9层)3室2厅|84.98平米|南北,https://su.ke.com/ershoufang/107108023261.html
209,低楼层(共9层)4室2厅|93.96平米|南,https://su.ke.com/ershoufang/107110893770.html
220,中楼层(共9层)3室2厅|84.95平米|南,https://su.ke.com/ershoufang/107106916441.html
220,高楼层(共9层)3室2厅|81.72平米|南,https://su.ke.com/ershoufang/107106227610.html
220,高楼层(共9层)3室2厅|84.69平米|南北,https://su.ke.com/ershoufang/107104889081.html
220,低楼层(共9层)4室1厅|93.96平米|南,https://su.ke.com/ershoufang/107110192424.html
234,低楼层(共9层)4室2厅|94.03平米|南北,https://su.ke.com/ershoufang/107107182463.html
234,中楼层(共9层)4室2厅|93.98平米|南,https://su.ke.com/ershoufang/107104523625.html
235,高楼层(共9层)4室2厅|93.68平米|南,https://su.ke.com/ershoufang/107109293866.html
240,中楼层(共9层)4室2厅|93.96平米|南,https://su.ke.com/ershoufang/107106404075.html
258,低楼层(共9层)4室2厅|93.96平米|南,https://su.ke.com/ershoufang/107107350981.html
