title,date,url
🏡自己房子，寻租客,1小时前,https://www.xiaohongshu.com/explore/69a7dc9a000000001d027ce2?xsec_token=ABzkNWnpegNeBHovgFxbX9jexGkFLAtuRumABhazb6WvY=&xsec_source=pc_search
房东直租｜需要相城区租房的朋友,1天前,https://www.xiaohongshu.com/explore/69a53b020000000022032d76?xsec_token=ABgvjhg57zPL0CW4FSEZaU7KTaKJ9y1Qu0aQ8-EqLMgwc=&xsec_source=pc_search
求租房,1天前,https://www.xiaohongshu.com/explore/69a565e5000000001b01c341?xsec_token=ABgvjhg57zPL0CW4FSEZaU7Dixztm08LBwdFI-CpMp3sY=&xsec_source=pc_search
两室一厅主卧出租,02-24,https://www.xiaohongshu.com/explore/699d600a000000000c036fa9?xsec_token=ABuzCB82dYc5HaUnMZ_8yPctjcQWB-hi4QaLzI6e_R9GQ=&xsec_source=pc_search
相城区万科魅力花园,02-23,https://www.xiaohongshu.com/explore/699b2d26000000001600a0c6?xsec_token=AB0nkLMQE3QemnwTeOHCgEcWXdIrenDG-BNAEgp9m9ucU=&xsec_source=pc_search
春节短租,02-07,https://www.xiaohongshu.com/explore/69872257000000000a02a56e?xsec_token=ABXVTExc5pkP-p9G8W9OWKWKN566Iusph6aYKLodxDK4Y=&xsec_source=pc_search
苏州相城双地铁附近性价比超高‖3000得3房,02-04,https://www.xiaohongshu.com/explore/6982a4cd000000001a037789?xsec_token=AB98q0hjrsI2v041LmdXRwV1gj5kZBm18qKkhqN6OZRQs=&xsec_source=pc_search
相城区房租直租万科魅力花园洋房,01-24,https://www.xiaohongshu.com/explore/6974b403000000000a03e35a?xsec_token=ABLQP8ZcaCSkPKX1nUO_H6dVZl_BU2hfqt7YtpDwN598g=&xsec_source=pc_search
苏州市相城区 三居-女生合租魅力花园,2025-12-26,https://www.xiaohongshu.com/explore/694d4a60000000001e029dcc?xsec_token=ABVGn5uISVM9L6eeQb_NZE9uovpjtrxcVJxEYHMsvBHHs=&xsec_source=pc_search
苏州相城万科魅力花园房东直租,2025-12-24,https://www.xiaohongshu.com/explore/694bda7c000000001e0025b2?xsec_token=AB1EZF-J5gp6Ctm2-gnXJzvSZtFWvXnAY8skmclpVqet0=&xsec_source=pc_search
看到就会住一辈子的家🏠,2025-12-21,https://www.xiaohongshu.com/explore/6947aecb000000001d03fdc2?xsec_token=ABnPisVm_cEKH4D7lcQAWTS6N9RJ33W3GNoHuurZmAx5Y=&xsec_source=pc_search
相城区！魅力花园，三房，近大悦城，玉成家园,2025-11-23,https://www.xiaohongshu.com/explore/6922bd6c000000001b031d03?xsec_token=AB0vpgVfC8HCh49K7rAWADuPtEA94-Gv__1kyl7K9vomA=&xsec_source=pc_search
求助,2025-11-05,https://www.xiaohongshu.com/explore/690af378000000000700bbd7?xsec_token=ABaGuBZSpKGBTpNA47cZLHrP9El3_kZUHoWaEZDS3kpWQ=&xsec_source=pc_search
优选！1楼三房出租，拎包入住,2025-10-29,https://www.xiaohongshu.com/explore/690185c6000000000302c5ff?xsec_token=ABfUQ7-qZTFqjr5R8mE589Prt2e4azmasUdqeow1JHW5g=&xsec_source=pc_search
急租！拎包入住，近地铁商超,2025-10-28,https://www.xiaohongshu.com/explore/690058c60000000003010cf6?xsec_token=ABoJ6dszOoASVZWQVBiSVYUVRlc_BjrtjjSzznB-MeQAc=&xsec_source=pc_search
找合租室友,2025-10-28,https://www.xiaohongshu.com/explore/69003082000000000700a593?xsec_token=ABoJ6dszOoASVZWQVBiSVYUbExFOIqujpRnJfhUgaUbZc=&xsec_source=pc_search
实用之选！近商超通勤便,2025-10-27,https://www.xiaohongshu.com/explore/68ff5f030000000003020d32?xsec_token=ABaOxmwT01zynyFU5ZJcDIQPOKo5XA-WfglLUvknDUXLM=&xsec_source=pc_search
万科魅力花园，洋房出租，价格便宜！,2025-10-25,https://www.xiaohongshu.com/explore/68fca8200000000005038e98?xsec_token=ABNaDTrikzXC7IlHAyle4ssMxu5VKxI_q66aYvwROBUXg=&xsec_source=pc_search
万科魅力花园，精装三房，便宜出租,2025-10-16,https://www.xiaohongshu.com/explore/68f0bc3b00000000040131bc?xsec_token=ABfarZ8iawyZwl1Lw0gEAxZLtuXnUnEOK_E6cvG306uZ0=&xsec_source=pc_search
苏州租房｜相城区👀精装修三室，34张🔥,2025-10-12,https://www.xiaohongshu.com/explore/68eb9e17000000000503b202?xsec_token=AB7yegUi9iCPqjgC4NleVZGS_uCDc3cxsYZWTACbJbgpo=&xsec_source=pc_search
今天给来给大家揭秘周边环境,2025-09-29,https://www.xiaohongshu.com/explore/68da59e4000000001300aa39?xsec_token=AB6Jg-Du-gCo_60ewaZgNzSGsPuS7JO82401mM2VHi5BE=&xsec_source=pc_search
魅力花园2️⃣9️⃣0️⃣0️⃣ 3室2厅 苏州租房,2025-09-26,https://www.xiaohongshu.com/explore/68d64961000000000b011a52?xsec_token=ABCjaVtUCjF0zSoC8P02gTk5KXICx0WZU3YAjB451FZlc=&xsec_source=pc_search
有相城魅力花园俩居室的房东直租吗？,2025-09-26,https://www.xiaohongshu.com/explore/68d61be2000000001201c117?xsec_token=ABCjaVtUCjF0zSoC8P02gTk7x2nVmic1w9Th7VfNGDgb0=&xsec_source=pc_search
万科魅力花园3房2️⃣9️⃣0️⃣0️⃣苏州租房,2025-09-21,https://www.xiaohongshu.com/explore/68cf53cf0000000007028b8c?xsec_token=ABWbfOHGrEyWR_tUftlGhbw0rC2oMRAxHSpPOk0Zxs_LM=&xsec_source=pc_search
新租的干净小家🏠,2025-09-14,https://www.xiaohongshu.com/explore/68c69dd8000000001c03f5a5?xsec_token=ABmvWKJD0KXVBCxIw9lNAUzii3G5TWL8l8Ku-ozowfxl0=&xsec_source=pc_search
苏州4号线  房东直租 无中介费  四号线交通,2025-09-09,https://www.xiaohongshu.com/explore/68c00fc5000000001d0358df?xsec_token=ABulW0QB6Gjj6MUhokWI5ewU3f_5xlo-CGs0uAO-OZ4hU=&xsec_source=pc_search
苏州4号线｜房东直租 无中介费,2025-09-03,https://www.xiaohongshu.com/explore/68b6f71c000000001d03a5ee?xsec_token=ABEtfAaw2-nTab1Hwj3oZH2xFlR191w66ilWFESYs73NA=&xsec_source=pc_search
相城宝藏房源推荐,2025-08-25,https://www.xiaohongshu.com/explore/68ac3139000000001d00cca6?xsec_token=AB_6Sr8c6_XxyhaHl6z7ri4OWu8l03RaqVkBgr8gRHhlo=&xsec_source=pc_search
出租万科魅力花园三房一卫 近河海大学,2025-08-24,https://www.xiaohongshu.com/explore/68aae941000000001c01054d?xsec_token=AB4RUgcbR_mmqK473KNPAqEZ9Tu1Oj35Fc3qSf4k6wEFA=&xsec_source=pc_search
（已租掉）苏州相城万科魅力花园好房房东直租,2025-08-24,https://www.xiaohongshu.com/explore/687c79960000000013010c2b?xsec_token=ABhBRMBHqVtomoJCwZQmwfBNYy6njCujZHoTRS6F1tot4=&xsec_source=pc_search
苏州租房|相城区 苏州大悦城🏠三室精装❤,2025-07-27,https://www.xiaohongshu.com/explore/6885dabf0000000017033ec3?xsec_token=ABnNdadlGDlYuuagYCgs8Gz7O9o8KrpK6VpyWVtGT96rM=&xsec_source=pc_search
急租可月付🥹魅力花园终于又有好房子了,2025-07-14,https://www.xiaohongshu.com/explore/6874acf3000000002201c765?xsec_token=ABYAg29gYNgq2rA7R-8jB6m2WzCIYqpETr7u_QIeugwOk=&xsec_source=pc_search
💕相城大悦城周边 万科物业好价三房～,2025-06-13,https://www.xiaohongshu.com/explore/684c004d000000000303fcd2?xsec_token=ABThyA4x2YiXlZveKlOkHtdG4NkzWxUJYU1IWW3aOPpoo=&xsec_source=pc_search
相城元和 精装三房出租 房子干净整洁,2025-06-06,https://www.xiaohongshu.com/explore/6842b30300000000120074d9?xsec_token=ABICyWjGNL6P1qkCKWMUR_AvAsx0FTlrgUNeypTsJhG1E=&xsec_source=pc_search
相城元和 精装三房 价格便宜 中间楼层,2025-06-05,https://www.xiaohongshu.com/explore/68412e38000000000f030914?xsec_token=ABzqNW8pJpYocAfjXh_cjtW_uKsGyQxAOKxTNeG0d1fK8=&xsec_source=pc_search
💕相城 魅力花园精装三房,2025-05-28,https://www.xiaohongshu.com/explore/6836ccc6000000000f031947?xsec_token=AB_740Z1YkaXephfKwEXdb-emoniu2boe-wkfRKxeiVxU=&xsec_source=pc_search
相城元和 精装两室整租 价格便宜性价比超高,2025-05-24,https://www.xiaohongshu.com/explore/68319f10000000001200331a?xsec_token=ABSqnD7lADfwPz6HjksyOeuvAZ_QJAZrxHffhDTH06OsM=&xsec_source=pc_search
元和活力岛 精装两室出租 价格便宜,2025-05-19,https://www.xiaohongshu.com/explore/682b0027000000000c038f09?xsec_token=AB6VjCLbvipZEVMfrvBRbYK636FirdKidWeOXpRdxy3zU=&xsec_source=pc_search
魅力花园出租,2025-05-19,https://www.xiaohongshu.com/explore/682ac06300000000210097ee?xsec_token=ABLK4btNZ_khBK-xGLaRO5Y009HfALKr9sgybfxlFofq4=&xsec_source=pc_search
魅力花园房租出租,2025-05-19,https://www.xiaohongshu.com/explore/682abf75000000002001fae1?xsec_token=ABLK4btNZ_khBK-xGLaRO5YwRkQTbz60zRVcmujDr4byM=&xsec_source=pc_search
相城元和 两室整租 装修很好 价格便宜,2025-05-12,https://www.xiaohongshu.com/explore/6821b38c00000000120068ca?xsec_token=ABRht4uqlW3B7NtuiqzBIPQHCVTzKCkODD8yJk6tzmpgI=&xsec_source=pc_search
相城区超值的三房🔥租房的福音来喽🔥可月付,2025-05-03,https://www.xiaohongshu.com/explore/681618e5000000002101a163?xsec_token=AB57ABJYKR2vy0oVL0MkBXyt9fpWMahnnyU89l7jmtPEw=&xsec_source=pc_search
魅力花园三房🏡居然只要26张🔥还能月付😍,2025-05-03,https://www.xiaohongshu.com/explore/6815c9420000000021009496?xsec_token=ABjJcB-WSNsvYKNPnpftsgYt68qwC-6BBF3g5iUD4Bats=&xsec_source=pc_search
💕相城 大悦城精装三室好房推荐,2025-04-25,https://www.xiaohongshu.com/explore/680b68ed000000000d01509b?xsec_token=ABM3ldBBl_HgINeUxWI0vMAEax8cv8gjZHsx7Dx4c6cAk=&xsec_source=pc_search
💕相城 大悦城附近还有这么好看的三房,2025-04-04,https://www.xiaohongshu.com/explore/67efd32000000000090380e7?xsec_token=ABdAtwlUs7tz0HwFr1-gdcFwtLc37kUHtXTHIUg4kovDY=&xsec_source=pc_search
相城元和｜整租三居室｜价格3000元,2025-03-28,https://www.xiaohongshu.com/explore/67e67e81000000000603bf7e?xsec_token=ABi2n7VAtB-d0ngqRNTp_s3toNCYkRtLd0EUET5G93qus=&xsec_source=pc_search
相城大悦城，三室一卫，月付免押金,2025-03-20,https://www.xiaohongshu.com/explore/67db8af9000000001d01dbbf?xsec_token=AB-PRApbe8hrugO_KwSeoh8NmG9SE9hPZh9SjHX1DRco8=&xsec_source=pc_search
哥的魅力无处不在🌈有魅力的人就住魅力花园,2025-03-12,https://www.xiaohongshu.com/explore/67d1a2200000000029032cfc?xsec_token=ABudKY6YMQkkoP9GKgkXp6p7C-3PYDe6L4SY-rBDl6AbU=&xsec_source=pc_search
💕相城 万科精装三房才这个价？,2025-03-05,https://www.xiaohongshu.com/explore/67c7e861000000000d01590f?xsec_token=ABB8yWeMpAnhyFS8Ippb1t7f9FNXdVSBT3aUi_-s2n_3M=&xsec_source=pc_search
相城大悦城附近三室出租2500每月,2025-02-21,https://www.xiaohongshu.com/explore/67597001000000000201502b?xsec_token=AB5pGGF6fOZJ4mSEOA2ThEafTq5JoCgdLTLYAnLbb-1j8=&xsec_source=pc_search
相城魅力花园房屋出租,2025-02-12,https://www.xiaohongshu.com/explore/67ac1f8d000000002900cf41?xsec_token=ABmwc72_QUg9TSWX-DhUkY25weQGnCde1ccxCtSEYioyE=&xsec_source=pc_search
本人是房东，有一套房准备出租，,2025-02-08,https://www.xiaohongshu.com/explore/67a6d8db000000002901c2e9?xsec_token=ABrJKdSzhYaccyZaLD0ZS8jWZKiNEy42rvfgPlm0s4hFw=&xsec_source=pc_search
万科魅力花园 三房大悦城商圈,2024-12-24,https://www.xiaohongshu.com/explore/67698b5a000000000b023f26?xsec_token=AB1KxnG9W1P8fP48IWg852LxClShosekjKV3ujY3qDFBw=&xsec_source=pc_search
转租 万科洋房两房,2024-12-14,https://www.xiaohongshu.com/explore/675d382c000000000600ce64?xsec_token=AB8XtYSJMLnznl6C596LcG2b05x-E-fTwz0GbbGGa-ijc=&xsec_source=pc_search
万科魅力花园，想要院子的可以看了,2024-11-21,https://www.xiaohongshu.com/explore/673eb9150000000006017b11?xsec_token=ABcobs-u9YSR10TQCSgxq6KpVHCkE6qMPhCmll2vnX5Eo=&xsec_source=pc_search
求租相城万科魅力花园,2024-03-03,https://www.xiaohongshu.com/explore/65e3c4c00000000003035746?xsec_token=AB5VEr1O_h33MorBrm067Hd0ooP6ZpU1DkOm5a-6QMfKE=&xsec_source=pc_search
租房也要幸福,2023-06-27,https://www.xiaohongshu.com/explore/649a963a000000000800f7d6?xsec_token=AB1FAR-yFICvkbZbp6VIWaA9dyrr0kCfHbFOgbfrg3Wk8=&xsec_source=pc_search
万科魅力花园3房出租。免中介费。,2023-06-10,https://www.xiaohongshu.com/explore/6483ded000000000130082b3?xsec_token=ABjyFQQds4jbRUdMKRrluTgHkeBobsz2eh92e_8qrQXuM=&xsec_source=pc_search
出租万科魅力花园自住三房,2023-05-23,https://www.xiaohongshu.com/explore/646c7b1d0000000013010ab5?xsec_token=AB1KoUDiy7Kmln-5tI7bqOF55FQRcFnbuurrNVIJRfxb4=&xsec_source=pc_search
万科魅力花园 温馨小三室,2023-04-22,https://www.xiaohongshu.com/explore/6443a9c000000000130363d5?xsec_token=ABriicIZws18fiDFvfiO22xh9U8lnYJfKfOB_FkA4hReg=&xsec_source=pc_search
出租出租出租重要的事情说三遍,2023-03-26,https://www.xiaohongshu.com/explore/641ff00d000000001300d8d3?xsec_token=ABmDmW_9VJejMMw4PQIOe9fJco8wOzs0EYRmHqaCmJHrE=&xsec_source=pc_search
万科魅力花园租房 苏州相城区租房 拎包入住,2023-03-05,https://www.xiaohongshu.com/explore/6403df4b0000000012032181?xsec_token=ABcJaJPBv03d6d3kdRgXTdF7aW8_9IaDT0OkBf_9xtr28=&xsec_source=pc_search
苏州相城万科魅力花园房源出租,2023-01-31,https://www.xiaohongshu.com/explore/63d89b31000000001d01dcec?xsec_token=AB-_yIcUZ8CYMWbs-nqqdx29gl-yRJPBaxjEELrchm0Wc=&xsec_source=pc_search
万科魅力花园 精装三房一卫 包车位 可月付,01-21,https://www.xiaohongshu.com/explore/69702e80000000001a01fd80?xsec_token=ABLXDpeDcfWS_QJQejqoSjyVe9IAQFjz-bAg7iAmY75TE=&xsec_source=pc_search
万科魅力花园 房东直租 3月底可入住 全配,2025-02-21,https://www.xiaohongshu.com/explore/67b89850000000002803fe57?xsec_token=AB-InDMQ58hcrj_AfZOr-o8v7xjxBPG6t7i1RGMhy7DYg=&xsec_source=pc_search
苏州房租出租干净整洁拎包入住无中介费,2023-02-08,https://www.xiaohongshu.com/explore/63e315dc00000000180123ee?xsec_token=ABoa_iD8N9do_ZipMDPVfDtt7XH62Lbf9Aso1LWibZigU=&xsec_source=pc_search
男生专属保温杯,1小时前,https://www.xiaohongshu.com/explore/69a793710000000015031528?xsec_token=ABzkNWnpegNeBHovgFxbX9jcq06YQop5gI96hNpWUFUd8=&xsec_source=pc_search
男生的保温杯....,3小时前,https://www.xiaohongshu.com/explore/69a7bbff000000001b014c05?xsec_token=ABzkNWnpegNeBHovgFxbX9jRXaxNF4uY6op0SoeF62a3k=&xsec_source=pc_search
房东自住房出租，2700/月,4小时前,https://www.xiaohongshu.com/explore/69a7a678000000001b01ea19?xsec_token=ABzkNWnpegNeBHovgFxbX9ja0n0FNTHXovAwveoG7rQTI=&xsec_source=pc_search
急租！一个人的单间！！房东直租,6小时前,https://www.xiaohongshu.com/explore/69a78c25000000001a02cebf?xsec_token=ABzkNWnpegNeBHovgFxbX9jVBZiiTheO0LBUUoOfEbrf0=&xsec_source=pc_search
苏州个人转租！ 近地铁 苏州个人转租,12小时前,https://www.xiaohongshu.com/explore/69a73fdb0000000022030f47?xsec_token=ABzkNWnpegNeBHovgFxbX9jRV-QmMohniQzP-ZZqJO2fA=&xsec_source=pc_search
你的梦中情房，独立卫生间，精装修,昨天 23:33,https://www.xiaohongshu.com/explore/69a6d1b3000000001d026342?xsec_token=AB6a9rCzS6aubKpkVYtZhTuGnELuITrL-3LXc3PaOTRQ4=&xsec_source=pc_search
苏州相城8号线求租！,昨天 22:59,https://www.xiaohongshu.com/explore/69a6f75a000000002801c79c?xsec_token=AB6a9rCzS6aubKpkVYtZhTuNBWiVaJCF8oXv9y7G0OWHM=&xsec_source=pc_search
,昨天 16:29,https://www.xiaohongshu.com/explore/69a69bd90000000028021d27?xsec_token=AB6a9rCzS6aubKpkVYtZhTuNogedJS96iUG_YNogKI3Rg=&xsec_source=pc_search
2026.4尹山湖求租整租,1天前,https://www.xiaohongshu.com/explore/69a69598000000001a023325?xsec_token=AB6a9rCzS6aubKpkVYtZhTuG4yR4m0W2wAwz-hyIEICjo=&xsec_source=pc_search
玩杯戴套=降低敏感度？,昨天 18:24,https://www.xiaohongshu.com/explore/69a68be6000000001b01c3d7?xsec_token=AB6a9rCzS6aubKpkVYtZhTuGAVNmEUqfbMYExv88Zu9p8=&xsec_source=pc_search
昆山城北找房子～求租！！！,1天前,https://www.xiaohongshu.com/explore/69a67c12000000001d010256?xsec_token=AB6a9rCzS6aubKpkVYtZhTuFP9fA_g6nhAzAiA2Uy6r3o=&xsec_source=pc_search
🏠苏州姑苏区租房｜星光耀附近租房,1天前,https://www.xiaohongshu.com/explore/69a67b0c0000000026033d0c?xsec_token=AB6a9rCzS6aubKpkVYtZhTuEqEflDsG_tKXQ2WOSeYhjw=&xsec_source=pc_search
男生专用！黑科技保温杯！,1天前,https://www.xiaohongshu.com/explore/69a2b3d50000000023038127?xsec_token=ABb0NsEXtTWj0DBFnWTR1VTp_fvPCJIDg38iSY878qcnk=&xsec_source=pc_search
苏州市相城区求合租室友！！！也可转租,1天前,https://www.xiaohongshu.com/explore/699e6844000000001a02bd94?xsec_token=ABrnQGG50kQ_ZdqwEaIelE5GyyE1KeQzUGJhHIWwW9WBs=&xsec_source=pc_search
苏州北站附近主卧转租,1天前,https://www.xiaohongshu.com/explore/699d817e000000001a02d64b?xsec_token=ABuzCB82dYc5HaUnMZ_8yPchuaHklDgqkBmQf0zmVS3P8=&xsec_source=pc_search
月租750，无中介，相城区找爱干净的室友,1天前,https://www.xiaohongshu.com/explore/69a5c59e000000001503a7b3?xsec_token=ABgvjhg57zPL0CW4FSEZaU7PYini4xqOSuxfGnLLe-y6Y=&xsec_source=pc_search
相城区|2026年1月成交名录·苏州,1天前,https://www.xiaohongshu.com/explore/69a56dea000000002603c57f?xsec_token=ABgvjhg57zPL0CW4FSEZaU7FnAN2z9GnxZTHmuVWPwOTw=&xsec_source=pc_search
奥乐齐相城首店！来了来了！,1天前,https://www.xiaohongshu.com/explore/69a55215000000001b0147e9?xsec_token=ABgvjhg57zPL0CW4FSEZaU7AqR0Ysi3IyTi4fylfF9bzI=&xsec_source=pc_search
永隆金街｜奥乐齐相城首店🌟,2天前,https://www.xiaohongshu.com/explore/69a40a72000000000d00b501?xsec_token=ABeBytdnhQDranLzHtiLg6Wn8uUQ6GL994z-nAl4aMsYo=&xsec_source=pc_search
找室友,3天前,https://www.xiaohongshu.com/explore/6996e8040000000015020b02?xsec_token=ABgYyBzaWuga35wARiWSCvImms5no5dQcmwr-wGKQ2kPA=&xsec_source=pc_search
苏州相城区高铁新城租房攻略,3天前,https://www.xiaohongshu.com/explore/69a3f24b000000002602eb60?xsec_token=ABfJShZxuV9fc8gvj0BcdYjv2xCynx8ef0KBuof3I7DgM=&xsec_source=pc_search
苏州相城太平街道洞字花苑出租,3天前,https://www.xiaohongshu.com/explore/699ee86e000000001d0107ec?xsec_token=ABrnQGG50kQ_ZdqwEaIelE5OUkoDXvrTYv0QYqGTiUbfY=&xsec_source=pc_search
🟢环保--剧情保温杯！,3天前,https://www.xiaohongshu.com/explore/69a2a69c000000002202d074?xsec_token=ABb0NsEXtTWj0DBFnWTR1VTjwqUZTxr8BqJlUooFx-hME=&xsec_source=pc_search
好房出租,4天前,https://www.xiaohongshu.com/explore/69a17d9e000000001600bbe3?xsec_token=ABf_Uh2Gog0KBSe-eKCNUOQW5inTLAuOkgekcyb-iPz5g=&xsec_source=pc_search
苏州买房结婚👰第二次看房经历（元和）,5天前,https://www.xiaohongshu.com/explore/69a1287c0000000015032284?xsec_token=ABf_Uh2Gog0KBSe-eKCNUOQYaKokhYNYqZi0W-KA_gLfc=&xsec_source=pc_search
姑苏区个人房屋出租,5天前,https://www.xiaohongshu.com/explore/699fd11b000000002203bd59?xsec_token=ABmIJgHjNBUKoVzZzYtg0xwf94M1Fp1UG5bKoXNn3HJAs=&xsec_source=pc_search
苏州园区找女室友,5天前,https://www.xiaohongshu.com/explore/699c398e000000001a036989?xsec_token=ABNIefsRHuAw0pHTfPvw7_jAT8Fwp1ehh7rs_LOwJJNuM=&xsec_source=pc_search
苏州相城区附近求租房,5天前,https://www.xiaohongshu.com/explore/69a01612000000001a01c384?xsec_token=ABUAYzGWEVHifI_JpoPifg3f52eZeBakay0n9rbJ18EZI=&xsec_source=pc_search
苏州相城区黄埭租房求租,6天前,https://www.xiaohongshu.com/explore/699fae78000000002801e825?xsec_token=ABmIJgHjNBUKoVzZzYtg0xwdl0GnoHw6ugRPG4Y4KxGKc=&xsec_source=pc_search
苏州吴中越溪SM广场两室一厅2280,6天前,https://www.xiaohongshu.com/explore/699faca70000000028008cbb?xsec_token=ABmIJgHjNBUKoVzZzYtg0xwV9KRucvmBHBBHiP8iZaUPg=&xsec_source=pc_search
3月下旬到期   安亭 花桥兆丰路 房东直租,6天前,https://www.xiaohongshu.com/explore/699cf24e000000002801fb61?xsec_token=ABNIefsRHuAw0pHTfPvw7_jHOkzT-5jxxsGrlu7MuUESE=&xsec_source=pc_search
需要在苏州木渎租房的宝子们可以看过来啦,6天前,https://www.xiaohongshu.com/explore/699f2079000000002203113e?xsec_token=ABmIJgHjNBUKoVzZzYtg0xwWhch-uNA14N5NU0JGfObN8=&xsec_source=pc_search
相城区租房两室一厅,6天前,https://www.xiaohongshu.com/explore/699efcaf0000000015030292?xsec_token=ABrnQGG50kQ_ZdqwEaIelE5F8cHOKIChiHVPtICzY6fJ0=&xsec_source=pc_search
无中介费，环秀湖花园2500一月,6天前,https://www.xiaohongshu.com/explore/699ef9a30000000022022f5b?xsec_token=ABrnQGG50kQ_ZdqwEaIelE5Lepil3laKKdA023OIcJ5Nc=&xsec_source=pc_search
相城复悦荟一室一厅一厨一卫民水民电采光好,6天前,https://www.xiaohongshu.com/explore/699ed18d000000001a02a037?xsec_token=ABrnQGG50kQ_ZdqwEaIelE5Kd63TRnDqAN_9g7L3PN1Jk=&xsec_source=pc_search
租到了我的梦中情房,6天前,https://www.xiaohongshu.com/explore/699ecb89000000001b01d08d?xsec_token=ABrnQGG50kQ_ZdqwEaIelE5PJMPXPihQV65Y7LmDBxShM=&xsec_source=pc_search
苏州新区好房出租,02-25,https://www.xiaohongshu.com/explore/699eaba300000000150214c6?xsec_token=ABrnQGG50kQ_ZdqwEaIelE5JK-5Qrh3mJX5QU18GrDMkc=&xsec_source=pc_search
终于找到了我的梦中情房🏠两室一厅,02-25,https://www.xiaohongshu.com/explore/699ea96a000000001a020f5e?xsec_token=ABrnQGG50kQ_ZdqwEaIelE5OR-6q5uTM_qzXm45glpxxI=&xsec_source=pc_search
租房,02-25,https://www.xiaohongshu.com/explore/699e9eab0000000023039caa?xsec_token=ABrnQGG50kQ_ZdqwEaIelE5CCr5TTfPOxF4Sw-xJVjbSc=&xsec_source=pc_search
相城区租房，房东看过来,02-25,https://www.xiaohongshu.com/explore/699e991b0000000026032cac?xsec_token=ABrnQGG50kQ_ZdqwEaIelE5FrJGeSEdzrJ453hfXnB0lo=&xsec_source=pc_search
全女生合租｜芯汇花园丨主卧独卫,02-25,https://www.xiaohongshu.com/explore/699e98c4000000000e03d318?xsec_token=ABrnQGG50kQ_ZdqwEaIelE5N9uhUbiX_JfylOjY5iphTg=&xsec_source=pc_search
租房 两室一厅,02-25,https://www.xiaohongshu.com/explore/699e84e8000000001b01f580?xsec_token=ABrnQGG50kQ_ZdqwEaIelE5FuH_gzdVa2VbTt15PpmVVU=&xsec_source=pc_search
江苏苏州找合租,02-24,https://www.xiaohongshu.com/explore/699bd960000000001600a253?xsec_token=AB0nkLMQE3QemnwTeOHCgEcWYFxIcoh25HSZkFM8eni-k=&xsec_source=pc_search
苏州相城地铁口朝南卧室出租,02-24,https://www.xiaohongshu.com/explore/699d75e4000000001a02763a?xsec_token=ABuzCB82dYc5HaUnMZ_8yPckxNI3XHXKc3AKWoyUJv6Ss=&xsec_source=pc_search
高铁北站一居室2100民水民电,02-24,https://www.xiaohongshu.com/explore/699d66a90000000015033be6?xsec_token=ABuzCB82dYc5HaUnMZ_8yPchRHSJi3a3puD-FQG3xdC9E=&xsec_source=pc_search
真诚求租,02-24,https://www.xiaohongshu.com/explore/699d07fe0000000015022a79?xsec_token=ABuzCB82dYc5HaUnMZ_8yPclSQ45_TeVS1IBVk8767pgo=&xsec_source=pc_search
业主自卖。非中介   苏州相城10楼独门独户,02-24,https://www.xiaohongshu.com/explore/699cf671000000000903844b?xsec_token=ABNIefsRHuAw0pHTfPvw7_jOsx0Eafwy3Cn6tBfULePQQ=&xsec_source=pc_search
房东直卖非中介！苏州万科魅力花园独门独户,02-24,https://www.xiaohongshu.com/explore/699cf386000000000903bd4b?xsec_token=ABNIefsRHuAw0pHTfPvw7_jDVzYwQ2TSACEwOldc7qnxQ=&xsec_source=pc_search
